id,name,email,password,Role
1,Carol Brettor,cbrettor0@usda.gov,zD4}Q=eLqjA,User
2,Bendicty Forgie,bforgie1@noaa.gov,wR1(Zy0%${_i&Tfv,User
3,Allin Hayzer,ahayzer2@ucoz.com,"aJ0,%F)Be#|3o",User
4,Jerad Daborn,jdaborn3@pagesperso-orange.fr,qZ8\)'HtOY'UjJ.,User
5,Sherri Gilleson,sgilleson4@skype.com,dG5&VMu\)mduKc,User
6,Jocelyne MacNeilage,jmacneilage5@hao123.com,sE4)n4P1kFU?Q,User
7,Filippa Bartosek,fbartosek6@reverbnation.com,zK2}v3M(2Qu,User
8,Oliver Tomczynski,otomczynski7@dropbox.com,kG0_v%d#Mh,Admin
9,Bettye Cowland,bcowland8@google.com.br,hU0+@fqqi(3},User
10,Carmela Hegge,chegge9@sakura.ne.jp,"kQ0""*ONB",User
11,Matti Taffie,mtaffiea@mozilla.org,oW4>Ju0DD,User
12,Guglielma Faulkener,gfaulkenerb@fotki.com,aC3?!SY.q5t9,User
13,Bastien Lidbetter,blidbetterc@360.cn,eW6}X!JA4wyS`i,User
14,Arly Kelmere,akelmered@oakley.com,eW1#NWO(#,User
15,Fania Kevlin,fkevline@nyu.edu,"lW7=L,52x}vFU>",User
16,Marlee Tethcote,mtethcotef@blogs.com,cI7({Y$gPC,Admin
17,Oneida Le Grand,olegrandg@nature.com,vI2/g7Eak=e/,User
18,Ingelbert Pearde,ipeardeh@google.cn,"dN8""=2\gDg6",User
19,Ashli Negus,anegusi@homestead.com,tR6(t={>!t={k,User
20,Leon Larret,llarretj@narod.ru,iW3~D)Ve$kdZwrB.,User
21,Arluene Jamieson,ajamiesonk@tripod.com,lK5'KvX03Y@u).,User
22,Berny Dorbin,bdorbinl@netscape.com,mE9}vy6nTlpd=u,User
23,Farrell Norman,fnormanm@1688.com,jJ7$1`$OQ,User
24,Nehemiah Staves,nstavesn@amazon.com,zU8(x+kU,User
25,Ibrahim Lindelof,ilindelofo@npr.org,uZ7'S5_?7}*1)K=U,User
26,Evan Highway,ehighwayp@dion.ne.jp,eU5{q+p}.x,User
27,Fleurette Charley,fcharleyq@slashdot.org,yB0{2lzhro2a#N8,User
28,Shanda McColl,smccollr@nymag.com,"mN6#+2KazQl.,O",User
29,Kassi Allright,kallrights@lulu.com,hS7@E~S_x}ff{R&,User
30,Stefania Easthope,seasthopet@ft.com,"yO2""_cZ""Qo&",User
